id,domain,steps_0_3,deeplink_0_2_or_na,notes,query
1,Display,2,n/a,"Reference mismatch (complaint is Gmail blank screen, reference is email server). Plan follows the supplied reference; a few navigation steps are only loosely sourced.","My TechCorp A15G tablet screen flashes and then goes completely blank whenever I tap to open an email in Gmail, and afte"
2,Display,3,n/a,Grounded blank-screen checks in sensible order; no auto deeplinks.,My Nexa X1 screen turns completely blank or white and no text appears when I search for a stock price or use the Quick A
3,Display,1,n/a,Invented recovery actions: Enter Google Account and Access Recovery Menu are not supported by the reference; core charge/USB/force-restart steps are useful.,"My Nexa Fold X1 screen went completely black, so I can't see or interact with the phone, and I'm unable to use Data Tran"
4,Display,3,n/a,Grounded blank-screen workflow; safe checks precede restart/power-on.,My TechCorp Nexa A14/A15 screen suddenly went completely black on its own after about a month of use. It doesn't display
5,Display,2,n/a,Mostly grounded Data Transfer flow; device-positioning detail is only partially supported.,My tablet screen stays completely blank when I try to use Data Transfer to scan the QR code for transferring data from m
6,Display,3,2,Steps match the multi-window reference; Apps screen grid deeplink opens the intended screen.,"My tablet's screen stays dark and only three app icons are lit while the rest are dark and won't open, so nothing loads "
7,Display,3,n/a,"Aspect-ratio steps are grounded. Deeplink is dummy_positive placeholder, so n/a.",My new smartphone's main screen stays small and doesn't fill the whole display; I can't make it expand to full size and 
8,Display,2,n/a,Core USB/HDMI/service guidance is grounded; backup procedure adds a small unsupported detail.,"My Nexa Fold X1 inner screen stopped working by itself; it shows no image and doesn't respond to touch, while the outer "
9,Display,2,n/a,Reference mismatch (camera flicker article vs fold-screen complaint). Plan follows reference; lighting/settings navigation includes minor unsupported details. Placeholder deeplink is n/a.,"My TechCorp Nexa Fold X1 screen flickers and goes blank whenever I open it, so I can't see anything or access the settin"
11,Display,3,n/a,Grounded quick-access edit instruction; all-manual plan.,"My Nexa X1 has a floating circle that constantly hovers on my screen and gives me quick shortcuts to recent apps, home, "
12,Display,3,n/a,Grounded blank-screen workflow with safe ordering; no auto deeplinks.,My Nexa X1 screen stays blank and doesn't show any activation message or anything else when I turn it on after the carri
13,Display,3,n/a,Repair/service options are grounded and appropriate to the cracked-screen reference.,"My smartphone's screen is completely cracked, it's a total crack and I can't use the device."
14,Display,3,n/a,Grounded blank/blue-screen checks and restart sequence; no auto deeplinks.,"My Nexa X1 Ultra only shows a blue (or black) screen with tiny text when I try to turn it on, and it won't start up. I t"
15,Battery,3,n/a,"Grounded physical/liquid-damage, charge, restart and power-on sequence.","My TechCorp X1 Ultra screen flashes extremely quickly (in milliseconds) whenever I plug in a charger, making the display"
18,Display,2,1,Reference mismatch (distorted-screen complaint paired with rotation article). Plan follows reference; one software-update substep is unsupported. Orientation deeplink is related but not the exact Auto rotate control.,"My Nexa A14 screen looks distorted right after I received the phone, and I need a diagnostic test."
19,Performance,1,0,"Touch Sensitivity action contradicts its cited reference: the reference says disable it, while the plan enables it. Deeplink performs the same opposite toggle; remaining steps are useful.","My Nexa X1 screen inputs are delayed and the touch responsiveness is laggy, causing a noticeable delay when I try to int"
S1-01,Battery,3,2,Both overheating mitigations are grounded; deeplinks match unused-app sleep and Motion smoothness.,"My phone gets really hot when I'm just browsing the internet, even with low brightness."
S1-02,Other,3,n/a,Forget/re-pair Bluetooth flow is grounded; auto link is a dummy_positive placeholder.,Bluetooth keeps disconnecting from my car every few minutes during a call.
S1-03,Other,3,1,"Fingerprint flow is grounded. Deeplink opens Fingerprint unlock area, but removal still requires navigation/action within that screen.",The fingerprint sensor stopped recognizing my thumb after the last update.
S1-04,Performance,3,n/a,Battery-optimization steps are grounded; link is a placeholder settings page.,"Notifications are delayed by several minutes, sometimes I miss calls entirely."
S1-05,Other,3,0,"Steps correctly follow keyboard language settings, but the auto deeplink says View Magnification Settings, which is the wrong screen.",My keyboard keeps switching to a different language on its own.
S1-06,Battery,1,n/a,"Reset-camera steps are grounded, but Clean Lens is an invented action: its only step has no matching reference sentence.",Photos I take look blurry and grainy even in good lighting.
S1-07,Performance,3,2,Grounded Auto restart fix; deeplink performs the intended Disable Auto Restart action.,The phone randomly restarts itself once or twice a day.
S1-08,Other,3,n/a,Forget and rejoin flow is grounded; password entry is a harmless implied step. Links are placeholders.,"Wi-Fi connects but there's no internet, and it happens only at my office."
S1-09,Other,3,n/a,"Noise-reduction, case and microphone checks are grounded; auto link is a placeholder.",Voice calls sound muffled and the other person says I sound far away.
S1-10,Other,3,n/a,Date/time-zone navigation is grounded; link is a placeholder.,The clock and calendar show the wrong time zone after I landed from a trip.
S2-11,Display,3,2,Clean-memory and Multi window steps are grounded; scored deeplink exactly enables Multi window (other link is placeholder).,Split-screen mode keeps closing one of the two apps by itself after about a minute.
S2-12,Battery,3,n/a,AOD off/on refresh exactly follows the reference; no auto action.,The always-on display shows the wrong battery percentage compared to the lock screen.
S2-13,Battery,3,n/a,Battery protection navigation and selection are grounded; auto link is a placeholder.,My phone won't charge past 80% since I turned on a battery protection feature I don't remember enabling.
S2-14,Camera,3,2,Screen-recorder audio flow is grounded; Screenshots and screen recordings deeplink opens the correct area (other link is placeholder).,"The screen recorder captures video but no system audio, only my microphone."
S2-15,Display,3,n/a,Face-recognition troubleshooting is grounded; link is a placeholder.,Face unlock works in a bright room but fails constantly at night with the lights off.
S2-16,Performance,3,n/a,App drawer guidance is grounded and manual.,The app drawer icons rearrange themselves every time I restart the phone.
S2-17,Other,3,n/a,Compass calibration and magnetic-interference checks are grounded and manual.,My phone's compass app always points about 30 degrees off from true north.
S2-18,Other,3,0,"Steps correctly use SIM manager and reseat SIM, but deeplink Enable SIM manager does not correspond to turning on both individual SIM cards.",The dual SIM phone only shows signal bars for one card even though both are active.
S2-19,Other,3,1.5,NFC/payment-app steps are grounded. NFC deeplink enables NFC rather than merely opening the requested screen (partial); Default wallet app deeplink is exact.,My phone's NFC won't tap-to-pay anymore since I added a new bank card.
S2-20,Display,3,n/a,Service-center recommendation matches the burn-in reference; no auto deeplink.,The screen has a faint burn-in shadow of the navigation bar visible on white backgrounds.
S3-21,Camera,3,0,Both issue plans are grounded. Bluetooth link is placeholder; Camera access deeplink is the wrong screen for the Apps > Camera > Storage/cache path.,My Bluetooth headphones keep disconnecting AND the camera app crashes every time I open it.
S3-22,Performance,3,n/a,Both keyboard-language and delayed-notification plans are grounded; links are placeholders.,The keyboard switches language randomly AND my notifications are delayed by minutes.
S3-23,Battery,3,2,Both face-unlock and overheating plans are grounded; Power saving deeplink performs the intended action (face link is placeholder).,Face unlock fails constantly at night AND the phone overheats during video calls.
S3-24,Other,3,1,Both Wi-Fi and fingerprint plans are grounded. Wi-Fi link is placeholder; Fingerprint unlock is the right area but not the exact re-register action.,Wi-Fi won't connect at my office AND the fingerprint sensor stopped working since the update.
S4-25,Other,3,n/a,Restart and software-update steps match the general-performance reference; unsupported Power-button step is harmless navigation.,"Something feels off about my phone lately, it's just not working right."
S4-26,Display,3,2,Backup and service steps are directly implied by the cracked-screen reference; backup deeplink performs the intended backup-data action.,My phone screen is completely shattered and pieces of glass are falling off.
S4-27,Other,3,n/a,Service-center inspection matches the water-damage reference; speaker evaluation is directly implied by inspection.,I dropped my phone in a pool three days ago and now the speaker sounds crackly.
S4-28,Display,3,n/a,Screen-protector removal followed by service inspection matches the reference; added cleaning/bring-device wording is harmless.,My cat knocked my phone off the table and now the top-left corner of the screen doesn't respond to touch.
S4-29,Display,3,n/a,Display checks and restart are grounded; Display link is a dummy_positive placeholder.,asdkfj screen bad help pls
S4-30,Other,3,n/a,"Watch settings, wearable app and connection reset are grounded; link is a placeholder.",My phone works fine but my smart watch paired to it keeps losing connection.
S4-31,Battery,3,n/a,Fast-charging navigation and toggle match the reference; link is a placeholder.,Can you make my phone charge faster than what the charger supports?
S4-32,Other,3,n/a,Scheduled restart and 3 AM alarm checks match the reference; link is a placeholder.,"The phone is possessed, it turns on by itself at 3am every night and plays music."
S6-39,Display,3,2,Flicker troubleshooting is grounded; Motion smoothness deeplink opens/adjusts the exact target setting.,mera phone ka screen baar baar flicker kar raha hai
